,vm_id_map,hour_minute_class,admin_historic_decision_disk
0,1,16.0,1
1,1,16.0,1
2,1,17.0,0
3,1,17.0,1
4,1,17.0,1
5,1,17.0,1
6,1,17.0,0
7,1,17.0,1
8,1,17.0,1
9,1,17.0,1
10,1,17.0,1
11,1,17.0,0
12,1,17.0,1
13,1,17.0,1
14,1,18.0,1
15,1,18.0,0
16,1,18.0,1
17,1,18.0,1
18,1,18.0,0
19,1,18.0,1
20,1,18.0,1
21,1,18.0,0
22,1,18.0,1
23,1,18.0,1
24,1,18.0,1
25,1,18.0,0
26,1,19.0,1
27,1,19.0,1
28,1,19.0,1
29,1,19.0,1
30,1,19.0,1
31,1,19.0,0
32,1,19.0,1
33,1,19.0,1
34,1,19.0,1
35,1,19.0,0
36,1,19.0,1
37,1,19.0,-1
38,1,20.0,-1
39,1,20.0,-1
40,1,20.0,-1
41,1,20.0,-1
42,1,20.0,-1
43,1,20.0,-1
44,1,20.0,-1
45,1,20.0,-1
46,1,20.0,-1
47,1,20.0,-1
48,1,20.0,-1
49,1,20.0,-1
50,1,21.0,-1
51,1,21.0,-1
52,1,21.0,-1
53,1,21.0,-1
54,1,21.0,-1
55,1,21.0,-1
56,1,21.0,-1
57,1,21.0,-1
58,1,21.0,-1
59,1,21.0,-1
60,1,21.0,-1
61,1,21.0,-1
62,1,22.0,-1
63,1,22.0,0
64,1,22.0,-1
65,1,22.0,-1
66,1,22.0,-1
67,1,22.0,-1
68,1,22.0,-1
69,1,22.0,-1
70,1,22.0,-1
71,1,22.0,-1
72,1,16.0,1
73,1,16.0,1
74,1,17.0,1
75,1,17.0,0
76,1,17.0,1
77,1,17.0,1
78,1,17.0,1
79,1,17.0,1
80,1,17.0,1
81,1,17.0,1
82,1,17.0,1
83,1,17.0,1
84,1,17.0,0
85,1,17.0,1
86,1,18.0,1
87,1,18.0,1
88,1,18.0,0
89,1,18.0,1
90,1,18.0,1
91,1,18.0,1
92,1,18.0,1
93,1,18.0,1
94,1,18.0,1
95,1,18.0,1
96,1,18.0,1
97,1,18.0,1
98,1,19.0,1
99,1,19.0,1
100,1,19.0,1
101,1,19.0,1
102,1,19.0,1
103,1,19.0,1
104,1,19.0,1
105,1,19.0,1
106,1,19.0,1
107,1,19.0,1
108,1,19.0,1
109,1,19.0,1
110,1,20.0,1
111,1,20.0,-1
112,1,20.0,0
113,1,20.0,-1
114,1,20.0,-1
115,1,20.0,-1
116,1,20.0,-1
117,1,20.0,-1
118,1,20.0,-1
119,1,20.0,-1
120,1,20.0,-1
121,1,20.0,-1
122,1,21.0,-1
123,1,21.0,-1
124,1,21.0,-1
125,1,21.0,-1
126,1,21.0,-1
127,1,21.0,-1
128,1,21.0,-1
129,1,21.0,-1
130,1,21.0,0
131,1,21.0,-1
132,1,21.0,-1
133,1,21.0,-1
134,1,22.0,-1
135,1,22.0,-1
136,1,22.0,-1
137,1,22.0,-1
138,1,22.0,-1
139,1,22.0,-1
140,1,22.0,0
141,1,22.0,-1
142,1,22.0,-1
143,1,22.0,-1
144,1,16.0,1
145,1,16.0,1
146,1,17.0,0
147,1,17.0,1
148,1,17.0,1
149,1,17.0,1
150,1,17.0,0
151,1,17.0,1
152,1,17.0,1
153,1,17.0,1
154,1,17.0,1
155,1,17.0,0
156,1,17.0,1
157,1,17.0,1
158,1,18.0,1
159,1,18.0,0
160,1,18.0,1
161,1,18.0,1
162,1,18.0,0
163,1,18.0,1
164,1,18.0,1
165,1,18.0,1
166,1,18.0,1
167,1,18.0,0
168,1,18.0,1
169,1,18.0,1
170,1,19.0,1
171,1,19.0,1
172,1,19.0,1
173,1,19.0,1
174,1,19.0,1
175,1,19.0,1
176,1,19.0,0
177,1,19.0,1
178,1,19.0,1
179,1,19.0,1
180,1,19.0,0
181,1,19.0,-1
182,1,20.0,-1
183,1,20.0,-1
184,1,20.0,-1
185,1,20.0,-1
186,1,20.0,-1
187,1,20.0,-1
188,1,20.0,-1
189,1,20.0,-1
190,1,20.0,0
191,1,20.0,-1
192,1,20.0,-1
193,1,20.0,-1
194,1,21.0,-1
195,1,21.0,-1
196,1,21.0,-1
197,1,21.0,-1
198,1,21.0,-1
199,1,21.0,-1
200,1,21.0,-1
201,1,21.0,-1
202,1,21.0,-1
203,1,21.0,-1
204,1,21.0,-1
205,1,21.0,-1
206,1,22.0,-1
207,1,22.0,-1
208,1,22.0,-1
209,1,22.0,-1
210,1,22.0,-1
211,1,22.0,-1
212,1,22.0,-1
213,1,22.0,-1
214,1,22.0,-1
215,1,22.0,-1
216,1,16.0,1
217,1,16.0,0
218,1,17.0,1
219,1,17.0,1
220,1,17.0,1
221,1,17.0,1
222,1,17.0,0
223,1,17.0,1
224,1,17.0,1
225,1,17.0,1
226,1,17.0,0
227,1,17.0,1
228,1,17.0,1
229,1,17.0,0
230,1,18.0,1
231,1,18.0,1
232,1,18.0,0
233,1,18.0,1
234,1,18.0,0
235,1,18.0,1
236,1,18.0,1
237,1,18.0,1
238,1,18.0,0
239,1,18.0,1
240,1,18.0,1
241,1,18.0,0
242,1,19.0,1
243,1,19.0,1
244,1,19.0,0
245,1,19.0,1
246,1,19.0,0
247,1,19.0,1
248,1,19.0,1
249,1,19.0,1
250,1,19.0,0
251,1,19.0,1
252,1,19.0,1
253,1,19.0,1
254,1,20.0,1
255,1,20.0,-1
256,1,20.0,-1
257,1,20.0,-1
258,1,20.0,-1
259,1,20.0,-1
260,1,20.0,-1
261,1,20.0,-1
262,1,20.0,-1
263,1,20.0,-1
264,1,20.0,-1
265,1,20.0,-1
266,1,21.0,-1
267,1,21.0,-1
268,1,21.0,-1
269,1,21.0,-1
270,1,21.0,-1
271,1,21.0,0
272,1,21.0,-1
273,1,21.0,-1
274,1,21.0,-1
275,1,21.0,-1
276,1,21.0,-1
277,1,21.0,-1
278,1,22.0,-1
279,1,22.0,-1
280,1,22.0,-1
281,1,22.0,-1
282,1,22.0,-1
283,1,22.0,-1
284,1,22.0,-1
285,1,22.0,-1
286,1,22.0,-1
287,1,22.0,-1
288,2,16.0,1
289,2,16.0,1
290,2,17.0,0
291,2,17.0,1
292,2,17.0,1
293,2,17.0,1
294,2,17.0,0
295,2,17.0,1
296,2,17.0,1
297,2,17.0,1
298,2,17.0,1
299,2,17.0,0
300,2,17.0,1
301,2,17.0,1
302,2,18.0,1
303,2,18.0,0
304,2,18.0,1
305,2,18.0,1
306,2,18.0,0
307,2,18.0,1
308,2,18.0,1
309,2,18.0,0
310,2,18.0,1
311,2,18.0,1
312,2,18.0,1
313,2,18.0,0
314,2,19.0,1
315,2,19.0,1
316,2,19.0,1
317,2,19.0,1
318,2,19.0,1
319,2,19.0,0
320,2,19.0,1
321,2,19.0,1
322,2,19.0,1
323,2,19.0,0
324,2,19.0,1
325,2,19.0,-1
326,2,20.0,-1
327,2,20.0,-1
328,2,20.0,-1
329,2,20.0,-1
330,2,20.0,-1
331,2,20.0,-1
332,2,20.0,-1
333,2,20.0,-1
334,2,20.0,-1
335,2,20.0,-1
336,2,20.0,-1
337,2,20.0,-1
338,2,21.0,-1
339,2,21.0,-1
340,2,21.0,-1
341,2,21.0,-1
342,2,21.0,-1
343,2,21.0,-1
344,2,21.0,-1
345,2,21.0,-1
346,2,21.0,-1
347,2,21.0,-1
348,2,21.0,-1
349,2,21.0,-1
350,2,22.0,-1
351,2,22.0,0
352,2,22.0,-1
353,2,22.0,-1
354,2,22.0,-1
355,2,22.0,-1
356,2,22.0,-1
357,2,22.0,-1
358,2,22.0,-1
359,2,22.0,-1
360,2,16.0,1
361,2,16.0,1
362,2,17.0,1
363,2,17.0,0
364,2,17.0,1
365,2,17.0,1
366,2,17.0,1
367,2,17.0,1
368,2,17.0,1
369,2,17.0,1
370,2,17.0,1
371,2,17.0,1
372,2,17.0,0
373,2,17.0,1
374,2,18.0,1
375,2,18.0,1
376,2,18.0,0
377,2,18.0,1
378,2,18.0,1
379,2,18.0,1
380,2,18.0,1
381,2,18.0,1
382,2,18.0,1
383,2,18.0,1
384,2,18.0,1
385,2,18.0,1
386,2,19.0,1
387,2,19.0,1
388,2,19.0,1
389,2,19.0,1
390,2,19.0,1
391,2,19.0,1
392,2,19.0,1
393,2,19.0,1
394,2,19.0,1
395,2,19.0,1
396,2,19.0,1
397,2,19.0,1
398,2,20.0,1
399,2,20.0,-1
400,2,20.0,0
401,2,20.0,-1
402,2,20.0,-1
403,2,20.0,-1
404,2,20.0,-1
405,2,20.0,-1
406,2,20.0,-1
407,2,20.0,-1
408,2,20.0,-1
409,2,20.0,-1
410,2,21.0,-1
411,2,21.0,-1
412,2,21.0,-1
413,2,21.0,-1
414,2,21.0,-1
415,2,21.0,-1
416,2,21.0,-1
417,2,21.0,-1
418,2,21.0,0
419,2,21.0,-1
420,2,21.0,-1
421,2,21.0,-1
422,2,22.0,-1
423,2,22.0,-1
424,2,22.0,-1
425,2,22.0,-1
426,2,22.0,-1
427,2,22.0,-1
428,2,22.0,0
429,2,22.0,-1
430,2,22.0,-1
431,2,22.0,-1
432,2,16.0,1
433,2,16.0,1
434,2,17.0,0
435,2,17.0,1
436,2,17.0,1
437,2,17.0,1
438,2,17.0,0
439,2,17.0,1
440,2,17.0,1
441,2,17.0,1
442,2,17.0,1
443,2,17.0,0
444,2,17.0,1
445,2,17.0,1
446,2,18.0,1
447,2,18.0,0
448,2,18.0,1
449,2,18.0,1
450,2,18.0,0
451,2,18.0,1
452,2,18.0,1
453,2,18.0,1
454,2,18.0,1
455,2,18.0,0
456,2,18.0,1
457,2,18.0,1
458,2,19.0,1
459,2,19.0,1
460,2,19.0,1
461,2,19.0,1
462,2,19.0,1
463,2,19.0,1
464,2,19.0,0
465,2,19.0,1
466,2,19.0,1
467,2,19.0,1
468,2,19.0,0
469,2,19.0,-1
470,2,20.0,-1
471,2,20.0,-1
472,2,20.0,-1
473,2,20.0,-1
474,2,20.0,-1
475,2,20.0,-1
476,2,20.0,-1
477,2,20.0,-1
478,2,20.0,0
479,2,20.0,-1
480,2,20.0,-1
481,2,20.0,-1
482,2,21.0,-1
483,2,21.0,-1
484,2,21.0,-1
485,2,21.0,-1
486,2,21.0,-1
487,2,21.0,-1
488,2,21.0,-1
489,2,21.0,-1
490,2,21.0,-1
491,2,21.0,-1
492,2,21.0,-1
493,2,21.0,-1
494,2,22.0,-1
495,2,22.0,-1
496,2,22.0,-1
497,2,22.0,-1
498,2,22.0,-1
499,2,22.0,-1
500,2,22.0,-1
501,2,22.0,-1
502,2,22.0,-1
503,2,22.0,-1
504,2,16.0,1
505,2,16.0,0
506,2,17.0,1
507,2,17.0,1
508,2,17.0,1
509,2,17.0,1
510,2,17.0,0
511,2,17.0,1
512,2,17.0,1
513,2,17.0,1
514,2,17.0,0
515,2,17.0,1
516,2,17.0,1
517,2,17.0,0
518,2,18.0,1
519,2,18.0,1
520,2,18.0,0
521,2,18.0,1
522,2,18.0,0
523,2,18.0,1
524,2,18.0,1
525,2,18.0,1
526,2,18.0,0
527,2,18.0,1
528,2,18.0,1
529,2,18.0,0
530,2,19.0,1
531,2,19.0,1
532,2,19.0,0
533,2,19.0,1
534,2,19.0,0
535,2,19.0,1
536,2,19.0,1
537,2,19.0,1
538,2,19.0,0
539,2,19.0,1
540,2,19.0,1
541,2,19.0,1
542,2,20.0,1
543,2,20.0,-1
544,2,20.0,-1
545,2,20.0,-1
546,2,20.0,-1
547,2,20.0,-1
548,2,20.0,-1
549,2,20.0,-1
550,2,20.0,-1
551,2,20.0,-1
552,2,20.0,-1
553,2,20.0,-1
554,2,21.0,-1
555,2,21.0,-1
556,2,21.0,-1
557,2,21.0,-1
558,2,21.0,-1
559,2,21.0,0
560,2,21.0,-1
561,2,21.0,-1
562,2,21.0,-1
563,2,21.0,-1
564,2,21.0,-1
565,2,21.0,-1
566,2,22.0,-1
567,2,22.0,-1
568,2,22.0,-1
569,2,22.0,-1
570,2,22.0,-1
571,2,22.0,-1
572,2,22.0,-1
573,2,22.0,-1
574,2,22.0,-1
575,2,22.0,-1
576,3,16.0,1
577,3,16.0,1
578,3,17.0,0
579,3,17.0,1
580,3,17.0,1
581,3,17.0,1
582,3,17.0,0
583,3,17.0,1
584,3,17.0,1
585,3,17.0,1
586,3,17.0,1
587,3,17.0,0
588,3,17.0,1
589,3,17.0,1
590,3,18.0,1
591,3,18.0,0
592,3,18.0,1
593,3,18.0,1
594,3,18.0,0
595,3,18.0,1
596,3,18.0,1
597,3,18.0,0
598,3,18.0,1
599,3,18.0,1
600,3,18.0,1
601,3,18.0,0
602,3,19.0,1
603,3,19.0,1
604,3,19.0,1
605,3,19.0,1
606,3,19.0,1
607,3,19.0,0
608,3,19.0,1
609,3,19.0,1
610,3,19.0,1
611,3,19.0,0
612,3,19.0,1
613,3,19.0,-1
614,3,20.0,-1
615,3,20.0,-1
616,3,20.0,-1
617,3,20.0,-1
618,3,20.0,-1
619,3,20.0,-1
620,3,20.0,-1
621,3,20.0,-1
622,3,20.0,-1
623,3,20.0,-1
624,3,20.0,-1
625,3,20.0,-1
626,3,21.0,-1
627,3,21.0,-1
628,3,21.0,-1
629,3,21.0,-1
630,3,21.0,-1
631,3,21.0,-1
632,3,21.0,-1
633,3,21.0,-1
634,3,21.0,-1
635,3,21.0,-1
636,3,21.0,-1
637,3,21.0,-1
638,3,22.0,-1
639,3,22.0,0
640,3,22.0,-1
641,3,22.0,-1
642,3,22.0,-1
643,3,22.0,-1
644,3,22.0,-1
645,3,22.0,-1
646,3,22.0,-1
647,3,22.0,-1
648,3,16.0,1
649,3,16.0,1
650,3,17.0,1
651,3,17.0,0
652,3,17.0,1
653,3,17.0,1
654,3,17.0,1
655,3,17.0,1
656,3,17.0,1
657,3,17.0,1
658,3,17.0,1
659,3,17.0,1
660,3,17.0,0
661,3,17.0,1
662,3,18.0,1
663,3,18.0,1
664,3,18.0,0
665,3,18.0,1
666,3,18.0,1
667,3,18.0,1
668,3,18.0,1
669,3,18.0,1
670,3,18.0,1
671,3,18.0,1
672,3,18.0,1
673,3,18.0,1
674,3,19.0,1
675,3,19.0,1
676,3,19.0,1
677,3,19.0,1
678,3,19.0,1
679,3,19.0,1
680,3,19.0,1
681,3,19.0,1
682,3,19.0,1
683,3,19.0,1
684,3,19.0,1
685,3,19.0,1
686,3,20.0,1
687,3,20.0,-1
688,3,20.0,0
689,3,20.0,-1
690,3,20.0,-1
691,3,20.0,-1
692,3,20.0,-1
693,3,20.0,-1
694,3,20.0,-1
695,3,20.0,-1
696,3,20.0,-1
697,3,20.0,-1
698,3,21.0,-1
699,3,21.0,-1
700,3,21.0,-1
701,3,21.0,-1
702,3,21.0,-1
703,3,21.0,-1
704,3,21.0,-1
705,3,21.0,-1
706,3,21.0,0
707,3,21.0,-1
708,3,21.0,-1
709,3,21.0,-1
710,3,22.0,-1
711,3,22.0,-1
712,3,22.0,-1
713,3,22.0,-1
714,3,22.0,-1
715,3,22.0,-1
716,3,22.0,0
717,3,22.0,-1
718,3,22.0,-1
719,3,22.0,-1
720,3,16.0,1
721,3,16.0,1
722,3,17.0,0
723,3,17.0,1
724,3,17.0,1
725,3,17.0,1
726,3,17.0,0
727,3,17.0,1
728,3,17.0,1
729,3,17.0,1
730,3,17.0,1
731,3,17.0,0
732,3,17.0,1
733,3,17.0,1
734,3,18.0,1
735,3,18.0,0
736,3,18.0,1
737,3,18.0,1
738,3,18.0,0
739,3,18.0,1
740,3,18.0,1
741,3,18.0,1
742,3,18.0,1
743,3,18.0,0
744,3,18.0,1
745,3,18.0,1
746,3,19.0,1
747,3,19.0,1
748,3,19.0,1
749,3,19.0,1
750,3,19.0,1
751,3,19.0,1
752,3,19.0,0
753,3,19.0,1
754,3,19.0,1
755,3,19.0,1
756,3,19.0,0
757,3,19.0,-1
758,3,20.0,-1
759,3,20.0,-1
760,3,20.0,-1
761,3,20.0,-1
762,3,20.0,-1
763,3,20.0,-1
764,3,20.0,-1
765,3,20.0,-1
766,3,20.0,0
767,3,20.0,-1
768,3,20.0,-1
769,3,20.0,-1
770,3,21.0,-1
771,3,21.0,-1
772,3,21.0,-1
773,3,21.0,-1
774,3,21.0,-1
775,3,21.0,-1
776,3,21.0,-1
777,3,21.0,-1
778,3,21.0,-1
779,3,21.0,-1
780,3,21.0,-1
781,3,21.0,-1
782,3,22.0,-1
783,3,22.0,-1
784,3,22.0,-1
785,3,22.0,-1
786,3,22.0,-1
787,3,22.0,-1
788,3,22.0,-1
789,3,22.0,-1
790,3,22.0,-1
791,3,22.0,-1
792,3,16.0,1
793,3,16.0,0
794,3,17.0,1
795,3,17.0,1
796,3,17.0,1
797,3,17.0,1
798,3,17.0,0
799,3,17.0,1
800,3,17.0,1
801,3,17.0,1
802,3,17.0,0
803,3,17.0,1
804,3,17.0,1
805,3,17.0,0
806,3,18.0,1
807,3,18.0,1
808,3,18.0,0
809,3,18.0,1
810,3,18.0,0
811,3,18.0,1
812,3,18.0,1
813,3,18.0,1
814,3,18.0,0
815,3,18.0,1
816,3,18.0,1
817,3,18.0,0
818,3,19.0,1
819,3,19.0,1
820,3,19.0,0
821,3,19.0,1
822,3,19.0,0
823,3,19.0,1
824,3,19.0,1
825,3,19.0,1
826,3,19.0,0
827,3,19.0,1
828,3,19.0,1
829,3,19.0,1
830,3,20.0,1
831,3,20.0,-1
832,3,20.0,-1
833,3,20.0,-1
834,3,20.0,-1
835,3,20.0,-1
836,3,20.0,-1
837,3,20.0,-1
838,3,20.0,-1
839,3,20.0,-1
840,3,20.0,-1
841,3,20.0,-1
842,3,21.0,-1
843,3,21.0,-1
844,3,21.0,-1
845,3,21.0,-1
846,3,21.0,-1
847,3,21.0,0
848,3,21.0,-1
849,3,21.0,-1
850,3,21.0,-1
851,3,21.0,-1
852,3,21.0,-1
853,3,21.0,-1
854,3,22.0,-1
855,3,22.0,-1
856,3,22.0,-1
857,3,22.0,-1
858,3,22.0,-1
859,3,22.0,-1
860,3,22.0,-1
861,3,22.0,-1
862,3,22.0,-1
863,3,22.0,-1
864,4,16.0,-1
865,4,16.0,-1
866,4,17.0,0
867,4,17.0,-1
868,4,17.0,-1
869,4,17.0,-1
870,4,17.0,0
871,4,17.0,-1
872,4,17.0,-1
873,4,17.0,-1
874,4,17.0,-1
875,4,17.0,0
876,4,17.0,-1
877,4,17.0,-1
878,4,18.0,-1
879,4,18.0,0
880,4,18.0,-1
881,4,18.0,-1
882,4,18.0,0
883,4,18.0,-1
884,4,18.0,-1
885,4,18.0,0
886,4,18.0,-1
887,4,18.0,-1
888,4,18.0,-1
889,4,18.0,0
890,4,19.0,-1
891,4,19.0,-1
892,4,19.0,-1
893,4,19.0,-1
894,4,19.0,-1
895,4,19.0,0
896,4,19.0,-1
897,4,19.0,-1
898,4,19.0,-1
899,4,19.0,0
900,4,19.0,-1
901,4,19.0,1
902,4,20.0,1
903,4,20.0,1
904,4,20.0,1
905,4,20.0,1
906,4,20.0,1
907,4,20.0,1
908,4,20.0,1
909,4,20.0,1
910,4,20.0,1
911,4,20.0,1
912,4,20.0,1
913,4,20.0,1
914,4,21.0,1
915,4,21.0,1
916,4,21.0,1
917,4,21.0,1
918,4,21.0,1
919,4,21.0,1
920,4,21.0,1
921,4,21.0,1
922,4,21.0,1
923,4,21.0,1
924,4,21.0,1
925,4,21.0,1
926,4,22.0,1
927,4,22.0,0
928,4,22.0,1
929,4,22.0,1
930,4,22.0,1
931,4,22.0,1
932,4,22.0,1
933,4,22.0,1
934,4,22.0,1
935,4,22.0,1
936,4,16.0,-1
937,4,16.0,-1
938,4,17.0,-1
939,4,17.0,0
940,4,17.0,-1
941,4,17.0,-1
942,4,17.0,-1
943,4,17.0,-1
944,4,17.0,-1
945,4,17.0,-1
946,4,17.0,-1
947,4,17.0,-1
948,4,17.0,0
949,4,17.0,-1
950,4,18.0,-1
951,4,18.0,-1
952,4,18.0,0
953,4,18.0,-1
954,4,18.0,-1
955,4,18.0,-1
956,4,18.0,-1
957,4,18.0,-1
958,4,18.0,-1
959,4,18.0,-1
960,4,18.0,-1
961,4,18.0,-1
962,4,19.0,-1
963,4,19.0,-1
964,4,19.0,-1
965,4,19.0,-1
966,4,19.0,-1
967,4,19.0,-1
968,4,19.0,-1
969,4,19.0,-1
970,4,19.0,-1
971,4,19.0,-1
972,4,19.0,-1
973,4,19.0,-1
974,4,20.0,-1
975,4,20.0,1
976,4,20.0,0
977,4,20.0,1
978,4,20.0,1
979,4,20.0,1
980,4,20.0,1
981,4,20.0,1
982,4,20.0,1
983,4,20.0,1
984,4,20.0,1
985,4,20.0,1
986,4,21.0,1
987,4,21.0,1
988,4,21.0,1
989,4,21.0,1
990,4,21.0,1
991,4,21.0,1
992,4,21.0,1
993,4,21.0,1
994,4,21.0,0
995,4,21.0,1
996,4,21.0,1
997,4,21.0,1
998,4,22.0,1
999,4,22.0,1
1000,4,22.0,1
1001,4,22.0,1
1002,4,22.0,1
1003,4,22.0,1
1004,4,22.0,0
1005,4,22.0,1
1006,4,22.0,1
1007,4,22.0,1
1008,4,16.0,-1
1009,4,16.0,-1
1010,4,17.0,0
1011,4,17.0,-1
1012,4,17.0,-1
1013,4,17.0,-1
1014,4,17.0,0
1015,4,17.0,-1
1016,4,17.0,-1
1017,4,17.0,-1
1018,4,17.0,-1
1019,4,17.0,0
1020,4,17.0,-1
1021,4,17.0,-1
1022,4,18.0,-1
1023,4,18.0,0
1024,4,18.0,-1
1025,4,18.0,-1
1026,4,18.0,0
1027,4,18.0,-1
1028,4,18.0,-1
1029,4,18.0,-1
1030,4,18.0,-1
1031,4,18.0,0
1032,4,18.0,-1
1033,4,18.0,-1
1034,4,19.0,-1
1035,4,19.0,-1
1036,4,19.0,-1
1037,4,19.0,-1
1038,4,19.0,-1
1039,4,19.0,-1
1040,4,19.0,0
1041,4,19.0,-1
1042,4,19.0,-1
1043,4,19.0,-1
1044,4,19.0,0
1045,4,19.0,1
1046,4,20.0,1
1047,4,20.0,1
1048,4,20.0,1
1049,4,20.0,1
1050,4,20.0,1
1051,4,20.0,1
1052,4,20.0,1
1053,4,20.0,1
1054,4,20.0,0
1055,4,20.0,1
1056,4,20.0,1
1057,4,20.0,1
1058,4,21.0,1
1059,4,21.0,1
1060,4,21.0,1
1061,4,21.0,1
1062,4,21.0,1
1063,4,21.0,1
1064,4,21.0,1
1065,4,21.0,1
1066,4,21.0,1
1067,4,21.0,1
1068,4,21.0,1
1069,4,21.0,1
1070,4,22.0,1
1071,4,22.0,1
1072,4,22.0,1
1073,4,22.0,1
1074,4,22.0,1
1075,4,22.0,1
1076,4,22.0,1
1077,4,22.0,1
1078,4,22.0,1
1079,4,22.0,1
1080,4,16.0,-1
1081,4,16.0,0
1082,4,17.0,-1
1083,4,17.0,-1
1084,4,17.0,-1
1085,4,17.0,-1
1086,4,17.0,0
1087,4,17.0,-1
1088,4,17.0,-1
1089,4,17.0,-1
1090,4,17.0,0
1091,4,17.0,-1
1092,4,17.0,-1
1093,4,17.0,0
1094,4,18.0,-1
1095,4,18.0,-1
1096,4,18.0,0
1097,4,18.0,-1
1098,4,18.0,0
1099,4,18.0,-1
1100,4,18.0,-1
1101,4,18.0,-1
1102,4,18.0,0
1103,4,18.0,-1
1104,4,18.0,-1
1105,4,18.0,0
1106,4,19.0,-1
1107,4,19.0,-1
1108,4,19.0,0
1109,4,19.0,-1
1110,4,19.0,0
1111,4,19.0,-1
1112,4,19.0,-1
1113,4,19.0,-1
1114,4,19.0,0
1115,4,19.0,-1
1116,4,19.0,-1
1117,4,19.0,-1
1118,4,20.0,-1
1119,4,20.0,1
1120,4,20.0,1
1121,4,20.0,1
1122,4,20.0,1
1123,4,20.0,1
1124,4,20.0,1
1125,4,20.0,1
1126,4,20.0,1
1127,4,20.0,1
1128,4,20.0,1
1129,4,20.0,1
1130,4,21.0,1
1131,4,21.0,1
1132,4,21.0,1
1133,4,21.0,1
1134,4,21.0,1
1135,4,21.0,0
1136,4,21.0,1
1137,4,21.0,1
1138,4,21.0,1
1139,4,21.0,1
1140,4,21.0,1
1141,4,21.0,1
1142,4,22.0,1
1143,4,22.0,1
1144,4,22.0,1
1145,4,22.0,1
1146,4,22.0,1
1147,4,22.0,1
1148,4,22.0,1
1149,4,22.0,1
1150,4,22.0,1
1151,4,22.0,1
